Category,Name,URL,Free Bonus Estimate,Est. Earnings Per 10 Signups,Twitter/X,Instagram,Facebook,TikTok,Website,Deal Scanning AI Prompt
Casinos,CROWNS,https://crowncoinscasino.com/?utm_campaign=8a0fea69-022f-479b-8b09-48e8460469a6&utm_source=friends,$0-50 (casino coins),$100-250,@CrownCoins,crowncoins,CrownCoins,@crowncoins,crowncoinscasino.com,"Search for: CROWNS casino promotions free bonus codes daily deals on Twitter (@CrownCoins) Instagram (crowncoins) Facebook (CrownCoins) TikTok (@crowncoins) website (crowncoinscasino.com) Reddit (r/freebets r/casino) Slickdeals DealNews FatWalletHotDeals. Look for: new deposit bonuses no deposit codes free spins promotions seasonal offers referral bonuses. Return: all current active promotions with bonus amounts codes expiration dates and eligibility requirements."
Casinos,ROLLA.COM,https://www.rolla.com/?raf=1177873,$25-100,$250-500,@RollaCasino,rollacasino,RollaCasino,@rollacasino,rolla.com,"Search for: ROLLA casino promotions bonus codes daily deals on Twitter (@RollaCasino) Instagram (rollacasino) Facebook (RollaCasino) TikTok (@rollacasino) website (rolla.com) Reddit (r/freebets r/casino) Slickdeals DealNews FatWallet. Look for: deposit bonuses no deposit codes free spins weekly specials VIP rewards seasonal promotions. Return: active promotions with amounts codes expiration dates and terms."
Casinos,REALPRIZE.COM,https://realprize.com/refer/2018465,$0-50,$150-300,@RealPrizeGames,realprize,RealPrizeGames,@realprizegames,realprize.com,"Search for: REALPRIZE promotions bonus codes deals on Twitter (@RealPrizeGames) Instagram (realprize) Facebook (RealPrizeGames) TikTok (@realprizegames) website (realprize.com) Reddit (r/giveaway r/freebets) Slickdeals BeFrugal. Look for: sign-up bonuses free prizes daily contests referral rewards special events. Return: all active offers with prize amounts eligibility and end dates."
Casinos,SPINBLITZ.com,https://www.spinblitz.com/lp/raf?r=0935b0ad%2F2735495799,$25-75,$150-350,@SpinBlitzCasino,spinblitz,SpinBlitz,@spinblitz,spinblitz.com,"Search for: SPINBLITZ promotions codes bonus offers on Twitter (@SpinBlitzCasino) Instagram (spinblitz) Facebook (SpinBlitz) TikTok (@spinblitz) website (spinblitz.com) Reddit (r/casino r/freebets) Slickdeals RetailMeNot. Look for: free spins deposit bonuses no deposit offers weekend specials loyalty rewards seasonal deals. Return: all current promotions with terms amounts and validity periods."
Casinos,Mcluck.com,https://www.mcluck.com/lp/raf?r=5ac6645c%2F2735506871,$25-75,$200-400,@McLuckCasino,mcluck,McLuckCasino,@mcluck,mcluck.com,"Search for: MCLUCK casino promotions bonus codes deals on Twitter (@McLuckCasino) Instagram (mcluck) Facebook (McLuckCasino) TikTok (@mcluck) website (mcluck.com) Reddit (r/casino r/gambling) Slickdeals DealNews. Look for: deposit bonuses free spins no deposit rewards referral bonuses daily specials seasonal offers. Return: active promotions with amounts codes requirements and expiration dates."
Casinos,Casino.click,https://casino.click/?modal=iqs-sign-up&ReferenceCode=632453&AffiliatePlatformId=200,$50-100,$250-500,@CasinoClickHQ,casinoclick,CasinoClick,@casinoclick,casino.click,"Search for: CASINO.CLICK promotions codes deals on Twitter (@CasinoClickHQ) Instagram (casinoclick) Facebook (CasinoClick) TikTok (@casinoclick) website (casino.click) Reddit (r/casino r/freebets) Slickdeals. Look for: sign-up bonuses deposit offers free spins VIP promotions seasonal deals loyalty rewards. Return: all active offers with amounts codes terms and deadlines."
Casinos,Babacasino.com,https://play.babacasino.com/#/?referral_id=071466df7d98f97fe7b1ed91bf8e2ff7&inv_referral=true&fb_source=invite,$50-150,$300-600,@BabaCasino,babacasino,BabaCasino,@babacasino,babacasino.com,"Search for: BABACASINO promotions bonus codes deals on Twitter (@BabaCasino) Instagram (babacasino) Facebook (BabaCasino) TikTok (@babacasino) website (babacasino.com) Reddit (r/casino r/freebets) Slickdeals RetailMeNot. Look for: welcome bonuses deposit matches free spins no deposit bonuses weekly promotions seasonal offers referral rewards. Return: all active promotions with amounts codes requirements and expiration dates."
Casinos,Ignition,https://www.ignitioncasino.eu/welcome/P63874DF/join,$100-300,$500-1000,@IgnitionCasino,ignitioncasino,IgnitionCasino,@ignitioncasino,ignitioncasino.eu,"Search for: IGNITION casino promotions bonus codes deals on Twitter (@IgnitionCasino) Instagram (ignitioncasino) Facebook (IgnitionCasino) TikTok (@ignitioncasino) website (ignitioncasino.eu) Reddit (r/casino r/poker) Slickdeals. Look for: welcome bonuses deposit matches crypto bonuses free spins referral bonuses seasonal promotions VIP rewards. Return: all active offers with amounts codes requirements and deadlines."
Casinos,Wow Vegas,https://www.wowvegas.com/?raf=12433217,$50-100,$200-400,@WowVegas,wowvegas,WowVegas,@wowvegas,wowvegas.com,"Search for: WOW VEGAS promotions bonus codes deals on Twitter (@WowVegas) Instagram (wowvegas) Facebook (WowVegas) TikTok (@wowvegas) website (wowvegas.com) Reddit (r/freebets r/casino) Slickdeals DealNews. Look for: deposit bonuses free chips no deposit offers daily specials weekly rewards seasonal promotions referral bonuses. Return: all active offers with amounts codes requirements and expiration dates."
Rewards & Cash Back,Fetch,https://referral.fetch.com/vvv3/referralqr?code=3AX5JU,$1-5,$20-50,@FetchRewards,fetchrewards,FetchRewards,@fetchrewards,fetch.com,"Search for: FETCH rewards promotions codes bonus receipts deals on Twitter (@FetchRewards) Instagram (fetchrewards) Facebook (FetchRewards) TikTok (@fetchrewards) website (fetch.com) Reddit (r/FetchRewards r/beermoney) Slickdeals BeFrugal. Look for: bonus points on specific brands double points offers partnership deals free gift cards. Return: active promotions with point amounts requirements and participation details."
Rewards & Cash Back,Spree.com,https://spree.com/?r=2285032,$5-10,$50-150,@SpreeApp,spreeapp,SpreeApp,@spreeapp,spree.com,"Search for: SPREE rewards promotions bonus codes deals on Twitter (@SpreeApp) Instagram (spreeapp) Facebook (SpreeApp) TikTok (@spreeapp) website (spree.com) Reddit (r/beermoney r/FreeStuff) Slickdeals. Look for: bonus points offers brand partnerships special promotions gift card deals. Return: active promotions with point values requirements and expiration dates."
Rewards & Cash Back,Mistplay,https://mistplay.onelink.me/ZGRQ/yi5xdpjq,$2-5,$20-50,@MistplayHQ,mistplay,MistplayHQ,@mistplayapp,mistplay.com,"Search for: MISTPLAY promotions bonus codes game deals on Twitter (@MistplayHQ) Instagram (mistplay) Facebook (MistplayHQ) TikTok (@mistplayapp) website (mistplay.com) Reddit (r/Mistplay r/beermoney) Slickdeals. Look for: bonus points new game offers increased earnings events special multipliers. Return: active promotions with amounts requirements and event details."
Financial Services,SoFi Personal Loans,https://www.sofi.com/invite/personal-loans?gcp=03adc5f9-015e-4adf-b648-bd0c6cb3d8f1&isAliasGcp=false,$300,$3000,@SoFi,sofi,SoFi,@sofi,sofi.com,"Search for: SOFI personal loans promotions bonus codes deals on Twitter (@SoFi) Instagram (sofi) Facebook (SoFi) TikTok (@sofi) website (sofi.com) Reddit (r/SoFi r/personalfinance) Slickdeals. Look for: referral bonuses funding bonuses rate reductions seasonal promotions special offers. Return: active promotions with bonus amounts eligibility requirements and expiration dates."
Financial Services,SoFi Credit Monitoring,https://www.sofi.com/invite/relay?gcp=05b66efb-03f5-4260-9648-6bed10ef45b1&isAliasGcp=false,$10,$100-200,@SoFi,sofi,SoFi,@sofi,sofi.com,"Search for: SOFI credit monitoring promotions codes deals on Twitter (@SoFi) Instagram (sofi) Facebook (SoFi) TikTok (@sofi) website (sofi.com) Reddit (r/SoFi r/creditscores) Slickdeals. Look for: referral bonuses free credit monitoring offers sign-up bonuses seasonal deals. Return: all active promotions with bonus amounts terms and eligibility."
Financial Services,SoFi Invest,https://www.sofi.com/invite/invest?gcp=9ca854df-3027-4ca2-b723-12d87aebac29&isAliasGcp=false,$25,$200-300,@SoFi,sofi,SoFi,@sofi,sofi.com,"Search for: SOFI investing promotions bonus codes stock offers on Twitter (@SoFi) Instagram (sofi) Facebook (SoFi) TikTok (@sofi) website (sofi.com) Reddit (r/SoFi r/stocks) Slickdeals. Look for: bonus stocks referral bonuses commission-free trading offers special promotions. Return: active promotions with stock values codes eligibility and expiration dates."
Financial Services,SoFi Crypto,https://www.sofi.com/invite/crypto?gcp=707f29be-3ef6-4041-862d-3f053acba3da&isAliasGcp=false,$25,$200-300,@SoFi,sofi,SoFi,@sofi,sofi.com,"Search for: SOFI crypto promotions bonus codes offers on Twitter (@SoFi) Instagram (sofi) Facebook (SoFi) TikTok (@sofi) website (sofi.com) Reddit (r/SoFi r/cryptocurrency) Slickdeals. Look for: bonus crypto referral rewards trading bonuses seasonal promotions special offers. Return: all active promotions with amounts codes requirements and deadlines."
Financial Services,SoFi Money,https://www.sofi.com/invite/money?gcp=547822fd-2195-4f86-b2ba-b5f489050d21&isAliasGcp=false,$25-425,$300-500,@SoFi,sofi,SoFi,@sofi,sofi.com,"Search for: SOFI checking savings promotions bonus codes deals on Twitter (@SoFi) Instagram (sofi) Facebook (SoFi) TikTok (@sofi) website (sofi.com) Reddit (r/SoFi r/banking) Slickdeals. Look for: direct deposit bonuses referral rewards cash back offers seasonal promotions. Return: active promotions with amounts codes requirements eligibility and expiration dates."
Crypto,Opus.pro,https://www.opus.pro/?via=790569,$0-10,$100-250,@OpusProOfficial,opus.pro,OpusPro,@opuspro,opus.pro,"Search for: OPUS crypto platform promotions bonus codes daily rewards on Twitter (@OpusProOfficial) Instagram (opus.pro) Facebook (OpusPro) TikTok (@opuspro) website (opus.pro) Reddit (r/cryptocurrency r/CryptoCurrency) Slickdeals. Look for: daily bonuses trading bonuses affiliate rewards sign-up bonuses seasonal offers. Return: all active promotions with amounts codes requirements and validity periods."
Passive Income,Honeygain,https://join.honeygain.com/CENTRFAD3A,$5-20,$50-200,@HoneygainApp,honeygainapp,Honeygain,@honeygainapp,honeygain.com,"Search for: HONEYGAIN promotions bonus codes passive income deals on Twitter (@HoneygainApp) Instagram (honeygainapp) Facebook (Honeygain) TikTok (@honeygainapp) website (honeygain.com) Reddit (r/Honeygain r/beermoney) Slickdeals. Look for: referral bonuses sign-up bonuses doubled earnings events special promotions. Return: active promotions with bonus amounts requirements and expiration dates."
Passive Income,Vultr,https://www.vultr.com/?ref=9896825-9J,$50-100 credit,$200-500,@Vultr,vultr,Vultr,@vultr,vultr.com,"Search for: VULTR cloud hosting promotions promo codes credits deals on Twitter (@Vultr) Instagram (vultr) Facebook (Vultr) TikTok (@vultr) website (vultr.com) Reddit (r/Vultr r/webhosting) Slickdeals. Look for: free credits referral bonuses sign-up bonuses discounted rates seasonal offers. Return: active promotions with credit amounts codes requirements and validity."
Business Tools,GoHighLevel,https://www.gohighlevel.com/?fp_ref=chase-96,Free 14-day trial + free tier,$500-1500,@GoHighLevel,gohighlevel,GoHighLevel,@gohighlevel,gohighlevel.com,"Search for: GOHIGHLEVEL promotions discount codes bundles deals on Twitter (@GoHighLevel) Instagram (gohighlevel) Facebook (GoHighLevel) TikTok (@gohighlevel) website (gohighlevel.com) Reddit (r/GoHighLevel r/entrepreneurship r/smallbusiness) Slickdeals AppSumo. Look for: referral bonuses lifetime discounts annual plan discounts bundle offers seasonal promotions partner deals early bird specials. Return: all active promotions with discount amounts codes eligibility requirements and expiration dates."
